Company Name,Market Cap (₹ Cr),Price (₹),P/E Ratio,Financial Metric,Jun-25,Mar-26,Jun-26,YOY Growth (%),Extraction Date,Extraction Time
AU Small Finance,79009,1052,27.7,EBIDT,2302,2788,2982,30,7/28/2026,0:03:01
AU Small Finance,79009,1052,27.7,EPS,7.79,11.12,10.63,36,7/28/2026,0:03:01
AU Small Finance,79009,1052,27.7,Net profit,581,832,796,37,7/28/2026,0:03:01
AU Small Finance,79009,1052,27.7,Sales,4378,5019,5303,21,7/28/2026,0:03:01
Bhagyanagar Ind,1409,427,22.4,EBIDT,16.2,36.2,38.3,137,7/28/2026,0:03:01
Bhagyanagar Ind,1409,427,22.4,EPS,2.37,5.78,6.33,167,7/28/2026,0:03:01
Bhagyanagar Ind,1409,427,22.4,Net profit,7.57,18.5,20.2,168,7/28/2026,0:03:01
Bhagyanagar Ind,1409,427,22.4,Sales,486,735,705,45,7/28/2026,0:03:01
Birla Corpn.,7013,910,12.6,EBIDT,347,510,342,-1,7/28/2026,0:03:01
Birla Corpn.,7013,910,12.6,EPS,15.53,38.28,15.03,-3,7/28/2026,0:03:01
Birla Corpn.,7013,910,12.6,Net profit,120,295,116,-3,7/28/2026,0:03:01
Birla Corpn.,7013,910,12.6,Sales,2454,2836,2646,8,7/28/2026,0:03:01
Canara Bank,115387,127,5.8,EBIDT,18382,22968,22566,23,7/28/2026,0:03:01
Canara Bank,115387,127,5.8,EPS,3.52,5.04,5.71,62,7/28/2026,0:03:01
Canara Bank,115387,127,5.8,Net profit,3233,4575,5182,3,7/28/2026,0:03:01
Canara Bank,115387,127,5.8,Sales,31523,31839,32957,5,7/28/2026,0:03:01
Disha Resources,19.7,26.9,,EBIDT,-0.08,0.03,-0.1,-25,7/28/2026,0:03:01
Disha Resources,19.7,26.9,,EPS,-0.08,0.11,-0.1,-25,7/28/2026,0:03:01
Disha Resources,19.7,26.9,,Net profit,-0.06,0.08,-0.07,-17,7/28/2026,0:03:01
Disha Resources,19.7,26.9,,Sales,0.03,0.48,0.73,2333,7/28/2026,0:03:01
Essen Speciality,323,130,,EBIDT,3.52,-11.4,0.58,-84,7/28/2026,0:03:01
Essen Speciality,323,130,,EPS,0.72,-3.54,0.14,-81,7/28/2026,0:03:01
Essen Speciality,323,130,,Net profit,1.78,-8.8,0.36,-80,7/28/2026,0:03:01
Essen Speciality,323,130,,Sales,41.2,32.1,31.6,-23,7/28/2026,0:03:01
Exxaro Tiles,289,6.58,70.5,EBIDT,6.11,5.69,6.98,14,7/28/2026,0:03:01
Exxaro Tiles,289,6.58,70.5,EPS,0.02,0,0.05,150,7/28/2026,0:03:01
Exxaro Tiles,289,6.58,70.5,Net profit,0.81,0.2,2.07,156,7/28/2026,0:03:01
Exxaro Tiles,289,6.58,70.5,Sales,64.9,99.9,85.2,31,7/28/2026,0:03:01
Fairchem Organic,1040,806,68.9,EBIDT,5.23,8.03,17.9,242,7/28/2026,0:03:01
Fairchem Organic,1040,806,68.9,EPS,0.9,2.93,7.95,783,7/28/2026,0:03:01
Fairchem Organic,1040,806,68.9,Net profit,1.17,3.69,10,756,7/28/2026,0:03:01
Fairchem Organic,1040,806,68.9,Sales,131,117,176,34,7/28/2026,0:03:01
Five-Star Bus.Fi,15949,540,14.5,EBIDT,546,540,533,-2,7/28/2026,0:03:01
Five-Star Bus.Fi,15949,540,14.5,EPS,9.04,9.12,9.19,2,7/28/2026,0:03:01
Five-Star Bus.Fi,15949,540,14.5,Net profit,266,269,271,2,7/28/2026,0:03:01
Five-Star Bus.Fi,15949,540,14.5,Sales,787,817,829,5,7/28/2026,0:03:01
High Energy Bat.,517,576,37.7,EBIDT,0.74,11.7,-2.09,-382,7/28/2026,0:03:01
High Energy Bat.,517,576,37.7,EPS,0.87,8.47,-2.03,-333,7/28/2026,0:03:01
High Energy Bat.,517,576,37.7,Net profit,0.78,7.59,-1.82,-333,7/28/2026,0:03:01
High Energy Bat.,517,576,37.7,Sales,13.3,29.5,7.89,-41,7/28/2026,0:03:01
IDFC First Bank,73104,84.9,32.5,EBIDT,3062,3435,4178,36,7/28/2026,0:03:01
IDFC First Bank,73104,84.9,32.5,EPS,0.63,0.37,1.25,98,7/28/2026,0:03:01
IDFC First Bank,73104,84.9,32.5,Net profit,463,319,1075,132,7/28/2026,0:03:01
IDFC First Bank,73104,84.9,32.5,Sales,9642,10553,11051,15,7/28/2026,0:03:01
Iris Clothings,919,48.3,52.3,EBIDT,5.26,10.8,8.05,53,7/28/2026,0:03:01
Iris Clothings,919,48.3,52.3,EPS,0.14,0.34,0.21,50,7/28/2026,0:03:01
Iris Clothings,919,48.3,52.3,Net profit,2.63,6.43,4.01,52,7/28/2026,0:03:01
Iris Clothings,919,48.3,52.3,Sales,37.4,60.5,47.2,26,7/28/2026,0:03:01
Kati patang Life,69,13.8,,EBIDT,-1.14,-3.84,-1.46,-28,7/28/2026,0:03:01
Kati patang Life,69,13.8,,EPS,-0.27,-0.9,-0.27,0,7/28/2026,0:03:01
Kati patang Life,69,13.8,,Net profit,-1.25,-3.77,-1.36,-11,7/28/2026,0:03:01
Kati patang Life,69,13.8,,Sales,1.76,2.28,4.44,152,7/28/2026,0:03:01
Lexoraa Ind,6.52,16.6,,EBIDT,-0.04,0.23,-0.28,-600,7/28/2026,0:03:01
Lexoraa Ind,6.52,16.6,,EPS,-0.1,0.38,-0.71,-610,7/28/2026,0:03:01
Lexoraa Ind,6.52,16.6,,Net profit,-0.04,0.15,-0.28,-600,7/28/2026,0:03:01
Lexoraa Ind,6.52,16.6,,Sales,1.54,10.3,11.1,623,7/28/2026,0:03:01
Monolithisch Ind,1784,821,62,EBIDT,6.59,11.4,13.1,99,7/28/2026,0:03:01
Monolithisch Ind,1784,821,62,EPS,1.97,3.73,4.63,135,7/28/2026,0:03:01
Monolithisch Ind,1784,821,62,Net profit,4.29,8.11,10.1,135,7/28/2026,0:03:01
Monolithisch Ind,1784,821,62,Sales,28.8,40.6,47.2,64,7/28/2026,0:03:01
NESCO,7110,1008,17.1,EBIDT,110,118,102,-7,7/28/2026,0:03:01
NESCO,7110,1008,17.1,EPS,13.64,13.21,14.19,4,7/28/2026,0:03:01
NESCO,7110,1008,17.1,Net profit,96.1,93,100,4,7/28/2026,0:03:01
NESCO,7110,1008,17.1,Sales,193,252,212,10,7/28/2026,0:03:01
SBFC Finance,10013,90.4,20.9,EBIDT,266,316,331,25,7/28/2026,0:03:01
SBFC Finance,10013,90.4,20.9,EPS,0.93,1.11,1.18,27,7/28/2026,0:03:01
SBFC Finance,10013,90.4,20.9,Net profit,101,123,130,29,7/28/2026,0:03:01
SBFC Finance,10013,90.4,20.9,Sales,388,454,491,27,7/28/2026,0:03:01
SMC Global Sec.,1597,76.3,14.7,EBIDT,100,89.7,107,7,7/28/2026,0:03:01
SMC Global Sec.,1597,76.3,14.7,EPS,1.42,1.01,1.75,23,7/28/2026,0:03:01
SMC Global Sec.,1597,76.3,14.7,Net profit,30,21.5,36.7,23,7/28/2026,0:03:01
SMC Global Sec.,1597,76.3,14.7,Sales,425,517,515,21,7/28/2026,0:03:01
Sacheta Metals,48,3.84,24,EBIDT,1.3,0.38,1.07,-18,7/28/2026,0:03:01
Sacheta Metals,48,3.84,24,EPS,0.03,0.03,0.03,0,7/28/2026,0:03:01
Sacheta Metals,48,3.84,24,Net profit,0.4,0.36,0.37,-8,7/28/2026,0:03:01
Sacheta Metals,48,3.84,24,Sales,21,20.4,21.8,4,7/28/2026,0:03:01
Sea TV Network,3.17,2.63,,EBIDT,-0.87,-0.8,-0.3,66,7/28/2026,0:03:01
Sea TV Network,3.17,2.63,,EPS,0.18,0.12,-0.37,-306,7/28/2026,0:03:01
Sea TV Network,3.17,2.63,,Net profit,0.22,0.14,-0.44,-300,7/28/2026,0:03:01
Sea TV Network,3.17,2.63,,Sales,1.88,2.79,2.41,28,7/28/2026,0:03:01
Seshasayee Paper,1491,237,15.1,EBIDT,20.5,23.6,43.6,113,7/28/2026,0:03:01
Seshasayee Paper,1491,237,15.1,EPS,2.45,4.13,5.06,107,7/28/2026,0:03:01
Seshasayee Paper,1491,237,15.1,Net profit,15.4,26,31.9,107,7/28/2026,0:03:01
Seshasayee Paper,1491,237,15.1,Sales,385,592,492,28,7/28/2026,0:03:01
Suryalata Spg.,176,422,4.9,EBIDT,12.5,17.8,13.7,10,7/28/2026,0:03:01
Suryalata Spg.,176,422,4.9,EPS,13.69,25.33,13.83,1,7/28/2026,0:03:01
Suryalata Spg.,176,422,4.9,Net profit,5.84,10.8,5.9,1,7/28/2026,0:03:01
Suryalata Spg.,176,422,4.9,Sales,126,105,124,-2,7/28/2026,0:03:01
Vedant Fashions,9942,410,25.8,EBIDT,121,179,131,9,7/28/2026,0:03:01
Vedant Fashions,9942,410,25.8,EPS,2.89,4.7,3.32,15,7/28/2026,0:03:01
Vedant Fashions,9942,410,25.8,Net profit,70.3,114,80.6,15,7/28/2026,0:03:01
Vedant Fashions,9942,410,25.8,Sales,281,399,301,7,7/28/2026,0:03:01
Veronica Product,2.28,0.32,,EBIDT,0.07,-0.11,-0.05,-171,7/28/2026,0:03:01
Veronica Product,2.28,0.32,,EPS,0.01,-0.02,-0.01,-200,7/28/2026,0:03:01
Veronica Product,2.28,0.32,,Net profit,0.05,-0.11,-0.05,-200,7/28/2026,0:03:01
Veronica Product,2.28,0.32,,Sales,1.67,0,0.3,-82,7/28/2026,0:03:01
Zen Technologies,15236,1688,83.9,EBIDT,64.2,49.6,38.4,-40,7/28/2026,0:03:01
Zen Technologies,15236,1688,83.9,EPS,5.29,3.49,3.82,-28,7/28/2026,0:03:01
Zen Technologies,15236,1688,83.9,Net profit,53.1,47.2,31.8,-23,7/28/2026,0:03:01
Zen Technologies,15236,1688,83.9,Sales,158,178,142,-10,7/28/2026,0:03:01
